PatternID,QoQ_Price,YoY_Price,YoY_Vol,Offplan_Level,QoQ_Volume,Insight_Investor,Recommendation_Investor,Insight_EndUser,Recommendation_EndUser,
P001,Up,Up,Up,Low,Up,"Prices are rising both quarterly and annually, and transaction volumes are also climbing — a strong combination that reflects broad-based confidence. The low off-plan share suggests that activity is being driven by real demand in the ready market rather than speculative pre-sales. This is a rare alignment of price and volume with low speculation, often seen in stable growth phases. For capital-focused investors, this offers a high-confidence window — but speed matters, as absorption may tighten quickly in well-performing zones.",This is a strong liquidity window with synchronized growth across price and volume. Treat it as a short- to mid-term entry point with clear upside — but act before absorption tightens and upside narrows.\n \n Actionable Moves:\n 🧭 Prioritize quick entry before price slope steepens.\n 💼 Target ready units or near-completion assets for faster turnarounds.\n 🔁 Rotate capital from softer zones into this active one.\n 🔍 Watch for quarterly volume strength — it validates momentum.\n 📦 Exit plan should align with 6–18 month horizon.,"Prices are going up and more people are buying — a sign of strong, real activity. Since most of the demand is in ready units, this means sellers are closing deals quickly, and competition may grow in the coming months. If you're buying to live, this is a moment to act decisively. But don’t skip due diligence — you still have room to choose well and secure good terms if you act early.","The window is open for confident homebuyers — but timing and quality matter.\n \n Smart Buyer Tips:\n 🗓️ Aim to finalize before prices climb further.\n 💬 Negotiate firmly — but be realistic in high-demand pockets.\n 🛏️ Focus on move-in ready or nearly completed units.\n 🧾 Ask for added value (upgrades, flexible handover).\n 🏡 Choose locations with resale resilience, not just trend zones.",
P002,Up,Down,Down,High,Down,"Prices are rising in the short term, but both annual price trends and transaction volumes are declining. This combination often reflects temporary demand spikes, usually driven by off-plan launches or incentives. The high off-plan share suggests speculative buying rather than end-user absorption. Without real resale strength, this type of setup carries volatility and exit risk.","This is a short-term pricing lift unsupported by real demand. Treat with caution — speculative cycles tend to unravel quickly if not absorbed by actual buyers.\n \n Actionable Moves:\n ⚠️ Avoid short-term flips — exit demand may be weak.\n 🔍 Analyze resale listings — stagnant units signal trouble.\n 📉 Consider rotating capital into lower-risk, high-absorption zones.\n 📊 Watch for YoY volume to rebound before re-entering.\n 📦 Only consider off-plan if developer reputation + payment terms are exceptional.","Prices look like they’re going up right now, but the bigger picture is slower — and fewer people are actually buying. Most of the activity is in off-plan, which can mean long delays, small unit sizes, or lower livability. It’s not the best setup for someone buying a real home to move into soon.","If you're a serious end-user, wait and assess carefully. Some of the hype will fade, and you may get a better opportunity with more certainty later.\n \n Smart Buyer Tips:\n 🕓 Delay decisions until resale activity improves.\n 💬 Ask agents what % of deals are truly closing, not just launched.\n 🧾 Focus only on off-plan with strong community and developer record.\n 🏘️ Compare livability, not just payment plan flexibility.\n 🔍 Watch for real handover timelines before trusting launch prices.",
P003,Down,Down,Down,Any,Down,"All core indicators are weakening — prices are dropping across the board, volumes are down, and there's no sign of bottoming yet. This is a classic cooling phase, where both capital gains and rental yields are unattractive. Entering now would expose investors to depreciation risk with little upside.","This is a clear avoid zone for now. Recovery signals haven’t appeared yet, and capital could be trapped during prolonged stagnation.\n \n Actionable Moves:\n ❌ Avoid new entries unless backed by extremely high yield or off-market pricing.\n 📉 Monitor closely for YoY price stabilization before considering.\n 📊 Seek better risk-adjusted returns in active recovery or early-cycle zones.\n 💼 Reallocate capital to zones showing early absorption or institutional buying.","Values are dropping, and fewer people are buying. Unless you absolutely have to move, this isn’t a good time to enter. Sellers may be flexible, but falling prices mean your purchase could lose value quickly.","It’s smarter to wait right now. There’s no rush, and better deals or areas may appear soon as the market finds its footing.\n \n Smart Buyer Tips:\n 🛑 Don’t buy into a falling trend unless you’re getting major discounts.\n 🧭 Compare alternative zones with rising volume — a safer long-term bet.\n 🧮 Run numbers on rent vs. own — renting may make more sense for now.\n 🕵️ Ask for price history and seller motivation before engaging.",
P004,Flat,Up,Flat,Low,Down,"Year-on-year prices are rising, but short-term momentum is muted — a signal of early-stage recovery or market hesitation. While demand is not surging, the underlying fundamentals are improving steadily. For long-term investors, this represents a build-up phase with low off-plan activity and manageable risk.","There’s no immediate urgency, but long-term entry here could be rewarding. Hold expectations should be 5+ years to realize the value.\n \n Actionable Moves:\n 🕰️ Consider gradual entry or phased investment.\n 📈 Track YoY price slope — sustained uptrend confirms recovery.\n 📊 Pair with yield check — zones with rental demand can outperform.\n 🌐 Cross-check similar profiles in past cycles for return timing.","Prices are going up slowly each year, but things don’t feel busy yet. That might mean this area is still affordable compared to others — and could grow later. Good choice for buyers planning to stay for many years.","You don’t need to rush, but if you’re looking to buy and hold long-term, this might be a smart entry.\n \n Smart Buyer Tips:\n 🛒 Focus on location and build quality — this is a patience play.\n ⏳ Don’t expect fast gains — this is a “sleep well” asset.\n 🗺️ Ask about area masterplans — future infrastructure may drive growth.\n 📊 Compare with zones that had similar slow starts but matured well.",
P005,Up,Up,Up,High,Down,"Off-plan is currently driving sharp price and volume growth, reflecting high speculative activity. While appreciation is strong, the weak resale volume may indicate inflated values. Investors should be cautious of over-reliance on pre-sales and monitor absorption closely before entry.","This is a momentum-led phase driven by launches and off-plan hype. Only suitable for long-term plays or experienced investors willing to enter early and exit on delivery. 🧭 Enter only at deep launch discounts. 📈 Monitor resale trends before reinvesting profits. 📦 Avoid over-commitment — diversify exits. 🛑 If resale demand stays low, consider trimming exposure.","New units are entering fast, and many buyers are excited — but resale signs are still unclear. If you’re buying to live, the quality of handover, developer credibility, and future community completion matter more than hype. This zone needs a bit more watching.",A strong zone for planned future living — but only if you're clear on the developer track record and ready for off-plan risk. 🏗️ Verify delivery timelines. 🏡 Plan lifestyle fit post-handover. 🧾 Check fees and real layout options. 📉 Skip if uncertain about long-term viability.,
P006,Up,Up,Flat,Medium,Flat,"Prices are rising steadily while volume remains flat — a sign of controlled growth rather than a surge. This typically occurs in early uptrends where buyers are still cautious, but values are adjusting upward. For investors, this suggests a stable, low-volatility window suited for income strategies or longer holds rather than aggressive flips.",This is a stability-driven entry point. Ideal for capital seeking safe yield and gradual appreciation.\n \n Actionable Moves:\n 💼 Target rented or income-ready units.\n 🔍 Look for zones with high occupancy — it supports stable growth.\n 🧭 Avoid over-leveraging — this is not a breakout phase.\n 📦 Set expectations around 8–12% annual appreciation.\n 🔁 Reinvest returns from volatile zones here for steadier ROI.,"Prices are improving slowly, and volume is steady — this is a safe zone for end-users who value predictability over sharp deals. It’s especially suitable for buyers who plan to stay long-term or want peace of mind.","For steady buyers, this is a dependable entry.\n \n Smart Buyer Tips:\n 🏡 Focus on livability, not price jumps.\n 📅 Don’t rush — inventory is stable.\n 🧾 Look for deals with long-term payment support.\n 💬 Negotiate gently — value comes from holding, not discount.\n 🛋️ Ideal for lifestyle-led purchases.",
P007,Up,Flat,Down,High,Down,"The price uptick appears to be driven by developer pricing or promotions — not by actual end-user absorption. Volume is down, and off-plan is high. This suggests a risky window for capital unless resale demand picks up. Timing is critical: avoid getting caught in illiquid inventory with no clear exit.","This is a speculative lift, not backed by demand. Enter only with high caution.\n \n Actionable Moves:\n 🚫 Avoid unless discount is 15%+ below market.\n 🔍 Track resale activity closely — zero absorption = no exit.\n 🕓 If already in, delay resale expectations 18–24 months.\n ⚖️ Focus elsewhere unless personal reasons override.","Price looks good on paper, but few people are buying — that’s a warning sign. Until volume picks up, it’s better to wait unless there’s a personal lifestyle reason.",Wait for demand to confirm before entering.\n \n Smart Buyer Tips:\n 📉 Don’t rely on brochure pricing — confirm real sales.\n 🏠 Consider only if the property fits long-term needs.\n 🧾 Ensure contract flexibility and no penalties.\n 🕓 Better to rent nearby and monitor volume for 2–3 quarters.,
P008,Flat,Down,Down,Low,Flat,"The market is directionless — prices are softening, and activity is falling. No dominant trend exists, and off-plan share is low, indicating little developer push. This creates a stagnant window with poor upside unless a niche opportunity exists.","This is a weak signal environment — not worth entering unless unique discount or end-use fit.\n \n Actionable Moves:\n 🚫 Do not deploy capital unless submarket offers 25%+ below benchmark deals.\n 🧭 Use this time for market watching, not action.\n 🔍 Run rent-vs-buy comparisons — rental may be cheaper.","Nothing exciting is happening here — prices are flat or down, and no urgency exists in the market. This is not a strong lifestyle or financial window unless you find a special fit.",Not the right time for most buyers.\n \n Smart Buyer Tips:\n ❌ Avoid areas with empty buildings and slow turnover.\n 🔍 Focus elsewhere unless deal is truly rare.\n 📅 Recheck in 6 months for new momentum.,
P009,Down,Down,Up,Low,Up,"Prices have declined, but volume is picking up — this is the classic start of a potential rebound. Early investors often enter during such asymmetries. It’s not yet a full confirmation, but it’s worth watching closely or testing a limited entry.","A potential value window forming — but still early. Good for selective contrarian plays.\n \n Actionable Moves:\n 🧭 Test with low-ticket entry first.\n 🔁 Reinvest gains from recent exits.\n 💬 Negotiate aggressively — sellers are under pressure.\n 🔍 Confirm growth in genuine buyer activity, not just listings.","People are starting to buy again, and prices are still low — this could be a good time to get value if you plan to live there. But confirm real movement before you act.","If you're optimistic and flexible, this might be your entry.\n \n Smart Buyer Tips:\n 💬 Talk to agents about real closing deals.\n 🏘️ Focus on ready units with seller urgency.\n 📦 Look for flexible payment and upgrades — developers may be lenient.\n 🕓 Enter now if fit is strong, but be ready to hold.",
P010,Up,Up,Flat,High,Up,"Prices are rising and volume is strong — but this is driven mostly by off-plan launches, not resale demand. The market is active, but not fully mature. It’s great for long-term capital that can absorb delivery risk but requires selectivity.","If you can handle delivery risk, this is a strategic off-plan play.\n \n Actionable Moves:\n 🏗️ Buy into early phases with strong developers.\n 💼 Focus on branded or high-liquidity zones.\n 📊 Avoid over-leveraging on 100% off-plan exposure.\n 📦 Exit horizon 2–4 years; plan handover and resale timing carefully.","This is a rising area, but it’s early — lots of off-plan means your unit may take time to be ready. Only buy if you're not in a rush.",This is a strong opportunity for forward-looking buyers — but delivery timelines must match your life.\n \n Smart Buyer Tips:\n 🗓️ Check delivery timeline and penalties.\n 📦 Choose developers with track record.\n 💬 Negotiate service charges and post-handover plans.\n 🏡 Align with your real move-in flexibility.,
P011,Flat,Up,Up,Low,Up,"Prices are stable but volume is rising steadily — a sign of genuine buyer interest in affordable or underpriced zones. This often reflects real end-user confidence or smart investor rotation into overlooked areas. These pockets tend to see delayed price growth, so early entry can secure good terms.",This is a fair-value zone with upside potential driven by volume. A good spot for tactical entry.\n \n Actionable Moves:\n 🧭 Enter early before price acceleration catches up to volume.\n 💼 Consider long-hold if fundamentals are strong.\n 📊 Use this for portfolio balancing — not a flip zone.\n 🔍 Focus on zones with livability features.\n 📦 Reassess after 12–18 months for gains.,"Activity is improving — more people are buying in quiet, livable areas before prices rise. This is a good chance to buy before price moves catch up to demand.","This is a strong entry point for confident users.\n \n Smart Buyer Tips:\n 🗓️ Finalize before price catches up.\n 🏘️ Focus on community and schools.\n 💬 Ask for payment flexibility.\n 🔍 Don’t expect fast resale, but strong livability.\n 🏡 Good option if you plan to stay 3+ years.",
P012,Up,Down,Down,High,Up,"Prices are rising but volume is not — a classic sign of developer-led push, not real demand. Off-plan activity is high, which inflates prices artificially. This creates a disconnect between value and reality, and limits liquidity.",Investor caution is advised — market overheating risk present.\n \n Actionable Moves:\n ⚠️ Wait for volume to catch up before buying.\n 🔎 Study unit resale history — low resale may signal inflated pricing.\n 🏗️ Avoid 100% off-plan exposure unless backed by strong handover data.\n 📦 Pause new investment unless you have insider pricing.\n 🔄 Rotate out if gains already made.,End-user pricing may not match real livability. Delivery risks and resale issues are likely in these zones.,Buy carefully — pricing is outpacing usability.\n \n Smart Buyer Tips:\n 🕒 Wait for resale demand to stabilize.\n 📦 Ask for exact handover milestones.\n 💬 Avoid buying on price hype alone.\n 🏘️ Compare with nearby ready-unit areas.\n 🔍 Focus on long-term plans if entering.,
P013,Down,Up,Up,Low,Down,"Prices have recently dipped, but volume is growing and YoY trends are positive. This points to a short-term pullback in a healthy long-term market. It’s a solid time to accumulate if fundamentals are intact.","Tactical window for investors to buy at a discount before rebound.\n \n Actionable Moves:\n 📉 Enter selectively during this price dip.\n 🔁 Accumulate in phases, not all at once.\n 📊 Watch QoQ volume for confirmation.\n 📦 Hold horizon: 18–24 months.\n 🏗️ Avoid overexposure to underperforming off-plan.",Families may benefit from lower prices if unit matches lifestyle — but assess readiness and growth stage.,This could be a smart time to enter.\n \n Smart Buyer Tips:\n 🏘️ Look for ready or near-ready units.\n 📦 Be patient — recovery may take time.\n 📈 Good for buyers not in rush but who want better pricing.\n 🧾 Check service charges and past resale prices.\n 🏡 Secure now if aligned with 1–2 year timeline.,
P014,Flat,Flat,Flat,Medium,Down,Pricing and volume are flat — this is a stagnant zone with limited investor interest. No strong signals for entry unless a breakout emerges. Usually these areas are caught in oversupply or demand fatigue.,Not the time to allocate capital — better to watch.\n \n Actionable Moves:\n 🔍 Track news for upcoming infra or developer moves.\n 📦 Avoid long-term tie-up in such zones.\n 🏘️ Lease yields are likely flat too.\n 🕓 Wait for 2+ signals before acting.\n 💼 Use capital elsewhere for now.,"For end-users, these areas feel slow and uninspiring unless there’s a personal or location-specific reason.","Wait and watch.\n \n Smart Buyer Tips:\n 🧭 Consider only if location fits life stage.\n 📦 Wait for incentives or infra announcements.\n 💬 Use negotiating power to get extras.\n 🏡 Check for oversupply in surroundings.\n 🕓 Good to monitor, not enter now.",
P015,Down,Flat,Down,High,Down,"Prices are down and so is volume — with off-plan levels still high. This is a poor liquidity setup. Risk of delayed resale, poor exit, or delivery slippage is high. This is a market to avoid unless you have urgent or insider logic.",Red alert zone — liquidity trap possible.\n \n Actionable Moves:\n 🚫 Do not enter unless deeply discounted.\n 📦 Avoid off-plan unless developer is top tier.\n 🔍 Look for signals of absorption before reconsidering.\n 💼 Redeploy capital into stronger signals.\n 🧭 Only consider if deeply familiar with the zone.,"End-users face major handover or exit risks — units may not be livable soon, and resale unlikely.",Not recommended.\n \n Smart Buyer Tips:\n 🚫 Avoid unless you know project personally.\n 🛑 Handover delays likely — confirm legally.\n 🏗️ Resale volume is near-zero — check transaction logs.\n 📉 Choose other ready zones for now.\n 💬 Only enter if urgent and well-informed.,
P016,Down,Down,Flat,Low,Flat,"Price levels appear to be stabilizing after previous declines, but there is no significant movement in volume yet — suggesting that buyer conviction hasn’t materialized. While the market may be near its bottom, the absence of momentum means investors lack a strong entry signal. These are often quiet zones that later surprise, but only after clear activation.","This is a ""patience play"" — no need to rush. Wait for volume confirmation or a unique trigger before entry.🧭 Avoid jumping in without traction. 🔍 Monitor for 2+ consecutive months of rising volume. 🧭 Focus on areas with infrastructure news or major handovers. 💼 Capital is better allocated to active zones for now. 🧾 Exit only if holding high-risk off-plan without absorption.","Prices seem attractive at first glance, but activity is weak — few buyers are closing deals, and momentum is missing. If you’re not deeply familiar with the area or don’t have a long-term view, this may not be the right time.","The price is tempting, but this is a “still-sleeping” zone. 🗓️ Wait for volume or project triggers. 💬 Ask agents for resale data, not just listings. 🧾 Avoid committing unless discount is >10%. 🛏️ Only proceed if project or community suits your long-term lifestyle.",
P017,Down,Flat,Flat,Low,Up,"The market is showing early signs of life — volumes are ticking up slightly, but prices remain flat. This could indicate the start of a recovery phase, but the lack of price response means it’s still a tentative stage. For investors, it’s a fragile window — attractive if you’re skilled at timing entries, but risky without more confirmation.","This is a watchlist zone — promising, but not yet ripe.🔍 Wait for price lift to confirm direction. 🧭 Monitor for 2–3 months of volume follow-through. 💼 Early entry only if you can tolerate longer holds. 🔄 Rotate from flat zones only if upside clarity improves. 🧾 Avoid high-ticket off-plan for now — wait for resale heat.","Buyers are exploring the area again, but it’s early days — deals may be available, but it’s not yet a confident move. If you’re a homebuyer who knows the area or sees long-term fit, it may be worth watching closely.","This is a “too early” zone for most users — but smart for planners.🗓️ Keep an eye on the trend, but don’t rush. 🧾 Ask developers or agents about upcoming handovers. 💬 Explore discounts from hesitant sellers. 🏡 Only move if area fits your 5–10 year plan.",
P018,Down,Flat,Up,Medium,Up,"Buyer activity is increasing — volumes are clearly rising, but prices haven’t followed yet. This is often a lead indicator of future appreciation. For investors, this represents a potential value window where you can enter before price catches up — but only if the volume trend sustains.",A good tactical entry point — but confirm trend holds.🧭 Enter gradually to test market response. 🔄 Reallocate from declining zones to capture early upside. 📊 Use transaction data as signal — avoid sentiment-based jumps. 💼 Consider units with strong rental positioning to hedge.,"People are starting to buy more in this area, but prices haven’t gone up yet. If you’re looking for a place to live, this could be a good time to get in before prices increase — as long as you’re okay with short-term fluctuations.",Personal move-in timing is good if flexible.🗓️ Entry now could save AED if trend continues. 💬 Ask sellers why they haven’t raised prices — you may get deals. 🛏️ Look for livable units with strong future access or amenities. 🧾 Accept some short-term noise in return for long-term value.,
P019,Down,Up,Down,Low,Down,"Annual trend is positive, but recent drops in both volume and short-term pricing reduce momentum. This pattern often signals a long-term rebound story, but not one with immediate upside. For investors with strategic patience, this could be a positioning play — but not for flipping or short cycles.",Hold for now — enter only if strategy supports long-term accumulation.🧭 Focus on zones with similar long-term potential but better short-term liquidity. 📉 Monitor for next quarterly shift — rebound confirmation is key. 🔍 Review developer or master plan triggers. ⏳ Ideal for DCA (dollar cost averaging) strategy over time.,"Prices are higher than last year but feel weak now. Fewer people are buying, and the market feels slow. If you’re planning for the long term and like the area, it’s okay to wait — there’s no urgency to enter right now.","Good for future-oriented homebuyers, but not urgent.🗓️ Wait 1–2 quarters unless ideal unit appears. 💬 Ask about resale history — test if sellers are flexible. 🛏️ Think long-term lifestyle fit over market trend. 📦 Avoid short-stay plans — too much noise in near term.",
P020,Down,Up,Flat,Low,Down,"Prices are recovering on an annual basis, but quarterly momentum and volume remain weak — a classic pre-turnaround signal. These setups often reward early investors, but only if timing and liquidity risk are well managed. There is potential, but it’s not fully activated yet.",Treat as a watch zone for pre-turnaround plays — not for reactive buying.🧭 Set alerts for volume surges or price lift confirmation. 🔍 Dig into developer activity or infrastructure triggers. 💼 Good for contrarian or early cycle investors. ⏳ Entry should be calculated — not rushed.,"Prices may rise in the future, but there’s no real movement now. For end-users, this can be a good zone if you are flexible with timing and are not in a rush to move in or flip. If you like the location and the unit, it’s okay to plan ahead — but not urgent.",Good for forward-looking home seekers — but no rush.🗓️ Entry okay if long-term lifestyle match. 🛠️ Check on area upgrades or masterplan progress. 💬 Push for discounts — sellers may be flexible. 🧾 Be realistic about timeline and liquidity.,
P021,Down,Up,Flat,High,Down,"Price trend is showing signs of recovery, especially on the price side — but demand remains soft. This usually reflects investor-led moves without matching buyer confidence. Not ideal for short-term plays, but could evolve if demand catches up.","Price-led recovery, but demand still lagging — hold unless strong signals emerge.🧭 Observe rental activity and resale volumes. 🔍 Look for developer sales push or incentives. 💼 Better as a watch zone for now.","Prices look strong, but end-user demand remains soft — especially in resale or rental. If you're buying to live or use, this might not be ideal yet. Wait for signals that people are moving in, not just price going up.","Not yet a user-driven market — wait and watch.🗓️ Delay entry until volume or usage picks up. 📉 Not ideal for short-term move-in. 💬 If urgent, negotiate hard — market lacks urgency. 🏗️ Look for service or infrastructure upgrades as demand indicators.",
P022,Down,Up,Up,High,Down,"Market is building a strong base — quarterly and annual trends indicate structural recovery. This zone is entering early rebound mode, often where strategic capital finds value before crowd momentum. Ideal for accumulation before absorption tightens.","This is a foundational recovery stage — investors can position ahead of broader price jumps. 📈 Target undervalued units in early-moving projects. 🔄 Reallocate from overheated zones into this one. 🧭 Accumulate steadily, not all at once. ⏳ Medium-term hold expected to deliver gains.","Recovery building — more users are entering while prices remain attractive. If you're aiming to buy for use within a year or two, this is a smart window to act. Buying now allows more choice and less price pressure.",Confident moment for early end-user entry. 🏠 Secure unit before demand surges. 🛋️ Focus on quality units in improving communities. 🗓️ Act before availability shrinks. 💬 Negotiate add-ons or payment flexibility.,
P023,Down,Up,Up,High,Up,"Momentum is clearly established — price and volume are rising across the board, with low off-plan exposure. This is a textbook rebound entry point where early entrants benefit from both growth and liquidity. For investors, this signals a strong short- to medium-term window.",Capitalize on the synchronized uptrend. ✅ Entry is supported by both volume and price. 📦 Prioritize near-completion or ready assets. 🔁 Reallocate capital from lagging zones. 🧭 Ideal for confident 6–12 month strategy.,"Buyer energy is rising alongside prices — this creates a confident climate for end-users. If you’re seeking long-term homeownership, this is a strong phase to enter with options still available.","Secure a unit during this favorable stretch. 🏡 Look for projects with livability and strong resale history. 🛋️ Move fast, but choose well — avoid hype-driven launches. 🔎 Focus on lifestyle value plus long-term holding potential.",
P024,Flat,Down,Flat,High,Flat,"Despite subdued pricing and low momentum, this market shows signs of consolidation — historically a precursor to directional shifts. The high off-plan presence is slowing reaction speed, but steady demand in completed phases hints at underlying confidence. This is a market worth studying, not chasing.","Consolidation zone with muted signals. 🧭 Hold posture, but map project maturity cycles. 🏗️ Track handover velocity to anticipate pockets of demand. ⏳ Avoid deep entry until clearer breakout signs emerge. 📉 Better as a reallocation pause than a fresh play.","Buyers remain passive, but localized demand is forming in mature pockets. End-users focused on livability or price stability may find quiet value — especially in well-maintained stock.",Act only with clarity. 🧐 Focus on low-density or fully serviced units. 🛏️ Avoid speculative launches. 🧠 Use this period to negotiate or prepare — not rush.,
P025,Flat,Flat,Down,Low,Down,"No investor catalyst present — both pricing and volume remain depressed, and off-plan exposure continues to suppress any speculative rebound. This is a structurally inactive zone with limited upside unless major changes are underway.","No active trigger for capital. ❌ Avoid deploying funds in current state. 🧭 Watch for rare government or masterplan shifts, but not a priority zone. 📉 No liquidity, no velocity. Use this time to reallocate or stay liquid.","No appeal for end-users either — lifestyle value is limited, and resale or rental potential is unclear. Area lacks traction even for those looking for affordable housing.",⛔ Avoid unless location-specific urgency. 🏚️ Better options exist in stable zones. 🚫 Delay entry unless a major shift occurs.,
P026,Flat,Flat,Flat,Medium,Down,"Investor sentiment is subdued, with stagnant pricing, flat volumes, and no forward indicators to justify capital deployment. Despite medium off-plan exposure, there's no indication of developer momentum or institutional movement. The environment reflects a wait-and-see posture, often associated with uncertain regulatory signals or economic overhangs. For serious investors, this is a low-clarity zone where capital can remain sidelined until real catalysts emerge.","This is not an investable window unless external shifts (e.g., infrastructure announcements or policy changes) occur to reset trajectory. Until then, capital is best preserved or redirected to zones showing stronger traction.\n \n Actionable Moves:\n 🧊 Freeze exposure to this zone — no upside justification at present.\n 🔍 Monitor for signals like permit surges, project launches, or REIT interest.\n 🔁 Reallocate to nearby zones with improving liquidity or urban alignment.\n 📆 Reassess quarterly — wait for signs of firming activity.\n 💼 Keep capital mobile — long holds here are not supported by market signals.","From a user standpoint, this is a market drifting sideways. Pricing isn’t dropping, but neither are sellers motivated. That leaves end-users with limited leverage and little movement in unit availability or incentives. While some may still consider buying here due to personal or school-based location needs, this isn’t a moment of confidence or value discovery. Wait for better clarity or developer incentives.","Buyers should wait — the current environment lacks urgency or reward.\n \n Smart Buyer Tips:\n 🕒 Delay unless location need is urgent (schools, work proximity).\n 📉 Track any downward revisions or time-on-market spikes — it may shift conditions.\n 🏗️ Watch for developer-led offers: extended payment plans, waived fees, or upgrades.\n 🔎 Compare livelier adjacent zones — better options may be within 5-10 mins drive.\n 🧭 Only re-engage if user momentum or developer activity begins to visibly shift.",
P027,Flat,Flat,Down,Low,Flat,"Volume is gradually leaking out of this zone, with no compensating movement in price — a classic early-warning sign of disengagement. The lack of investor momentum, institutional activity, or price fluctuation signals a zone that is quietly losing attention. Liquidity is thinning without triggering correction or re-entry potential, which makes this a poor setup for any capital allocation. There is no data-backed reason to enter or speculate in the current phase.","This is a non-entry environment. Flat pricing with declining volume implies suppressed demand, with no trigger or newsflow to reactivate market activity. The longer this persists, the greater the risk of hidden value erosion.\n \n Actionable Moves:\n ⛔ Do not deploy funds — absence of activity equals risk, not safety.\n 📉 Track for sharp price revisions — only a reset justifies attention.\n 🧭 Prefer zones showing volatility — at least it indicates capital interest.\n 🛰️ Monitor developer sentiment, but don’t expect new launches soon.\n 🪙 Stay liquid or shift focus to zones with real absorption.","From the user side, this zone lacks movement and excitement. The market is static — not falling, but not generating interest either. With low off-plan levels and no uptick in completions, the emotional energy that fuels end-user interest is absent. Whether for lifestyle buyers or upgraders, there’s little motivation or urgency here.","If you’re not already anchored to this zone, it’s best to look elsewhere.\n \n Smart Buyer Tips:\n 🚧 Wait for signs of developer reactivation or incentive schemes.\n 📆 No rush — revisit in 3–6 months to see if end-user traction improves.\n 🧮 Compare quality-adjusted pricing — nearby zones may offer better value.\n 🔕 Avoid if driven by FOMO — there’s no crowd here.\n 📍Only reconsider if new schools, malls, or infrastructure are announced nearby.",
P028,Flat,Flat,Up,High,Flat,"Off-plan transactions are rising, but prices remain flat — creating a potentially misleading momentum signal. This could reflect speculative launches or bulk purchases not tied to genuine demand. Volume uptick without price movement often signals promotional pressure, not value discovery. For investors, this is a zone in flux — not yet invalid, but not stable enough for confident allocation.",There’s a possible shift forming — but it’s not fully validated yet. A rise in volume without price lift can signal short-term hype or staging tactics. Treat this as a zone under surveillance.\n \n Actionable Moves:\n ⚠️ Do not enter on volume alone — confirm price breakout first.\n 🔬 Monitor resale market — true demand shows there first.\n 🏗️ Filter projects: ready units or near-completion only.\n 🧲 Look for price absorption signs — discounts fading = strength.\n 📊 Reassess monthly — reclassification may be needed soon.,"Some activity is happening, especially in off-plan or early-stage launches — but the purpose isn’t clear. Is it investor-led hype, or real buyer interest? Without visible price gains or ready-unit absorption, it’s hard to tell. For personal buyers, this zone feels like a moving target — and emotional confidence is weak.","If you're intrigued by this zone, patience is your best strategy.\n \n Smart Buyer Tips:\n 🕵️‍♀️ Track handover dates — only consider near-complete or ready stock.\n 🪞 Mirror investor behavior: if they pull back, don’t lean in.\n 📉 Avoid zones where p",
P029,Flat,Flat,Down,Medium,Up,"This is a fragmented zone — prices are holding flat, but transaction volumes are dropping, while off-plan appetite is rising. Such divergence signals noise rather than clarity. For investors, this market lacks long-term visibility, but may hold isolated micro-opportunities for short flips or tactical entries. The rising off-plan share suggests speculation without conviction, making this a play for agile capital only — not portfolio anchors.","Not a dependable zone for strategic moves, but short-term traders may find some arbitrage potential in niche submarkets or developer-led launches.\n \n Actionable Moves:\n 🧯 Treat this as a trade, not a position — avoid large allocations.\n 🧭 Focus on developer discounts or exit incentives for flips.\n 🔍 Screen for resale absorption — if weak, sit out.\n 💸 Do not deploy fresh capital unless discount-to-market is >10%.\n 🕰️ Max timeline: 6–9 months — if no trend develops, exit.","Buyers might see attractive price tags, but the zone lacks directional conviction. Price is static, off-plan is active, and volume is falling — a mix that doesn’t inspire lifestyle confidence. If you're buying to live, tread carefully: this is not a moment of momentum or clarity. You may overpay for an asset that stays flat or underperforms.","Unless you find a genuinely exceptional deal — don’t engage.\n \n Smart Buyer Tips:\n ⚠️ Be cautious of launches with heavy incentives — they often mask weak demand.\n 🔎 Only consider if price per sqm is significantly below surrounding zones.\n 🗺️ Look for end-user signals (school openings, infrastructure handover).\n 🚪 Walk away unless the deal is rare and the timeline fits your personal plan.\n 🧾 Seek value that can survive flat price environments — not trend chases.",
P030,Flat,Flat,Up,High,Up,"This is a stealth absorption phase — volumes are climbing steadily while prices remain flat, and off-plan remains controlled. It’s a quiet accumulation zone, often seen before upward price movement begins. Investor confidence is returning without speculative noise, which suggests that the demand is end-user driven and likely to hold. These kinds of signals typically precede a breakout in stable markets. This phase presents one of the most attractive risk-adjusted entry points for long-term investors — those who act early can ride the upcoming revaluation before broader market recognition.","Capitalize on the hidden strength — early investors often win in zones like this. The low price volatility means you can enter without overpaying, while the rising demand provides upside visibility.\n \n Actionable Moves:\n 🔎 Monitor 2–3 month volume continuity to confirm signal.\n 📈 Enter in low-rise or niche developments with unique end-user appeal.\n 🔄 Shift profits or capital from overbought zones — this has cleaner upside.\n 🕰️ Ideal horizon: 12–24 months — aim for mid-term capital gains.\n 🏷️ Don’t wait for media hype — by then, the value entry will be gone.","You’re not too late, but you’re definitely early — which is a good thing. The market is showing signs of growing demand (especially from end-users), but prices haven’t reacted yet. This is the kind of stable window where lifestyle buyers can enter calmly before the rush. Because off-plan activity is low and ready demand is rising, you can secure quality units now before upward momentum sets in.","Now is a great moment to step in quietly.\n \n Smart Buyer Tips:\n ✅ Lock in ready units in buildings with strong end-user profiles (families, professionals).\n 🧭 Avoid rushing — but don’t delay too long if you see volume rising.\n 📦 Prioritize properties with flexibility (payment plans, handover conditions).\n 📍 Pick zones with upcoming retail, schools, or roads — this confirms mid-term strength.\n 🔐 Consider this a secure, future-proof buy before prices reprice upwards.",
P031,Flat,Up,Flat,High,Down,"Prices are ticking upward, but volume is declining — a divergence that often signals a fragile or sentiment-driven rally. Without corresponding transaction growth, this price increase lacks market validation and may reverse if confidence fades. The high off-plan share compounds the risk, as developers may be inflating prices without underlying buyer depth. These patterns typically reflect temporary optimism or artificial movement, not true demand-based strength. Investors should be cautious — momentum without volume is often a trap, not a signal.","This is a caution zone where optics may mislead. While price is rising, the low volume suggests the rally lacks conviction — and off-plan dominance could mean it's fueled by sales teams, not real absorption. Avoid rushing in.\n \n Actionable Moves:\n 🛑 Hold entry — wait for real demand to catch up.\n 🔎 Track 30–90 day volume and resale listings to confirm if end-users are supporting price.\n 📉 Avoid overcommitting in off-plan stock — resale is more likely to reveal true value.\n 🔁 If already positioned, consider rotating partial exposure to zones with stronger volume-price alignment.\n 📊 Monitor sentiment but let data lead — rallies without depth often fade.","Area is getting more expensive, but the number of real buyers isn't rising — which could mean trouble ahead. It might feel like you need to rush before prices rise further, but without real interest from other buyers, you could end up overpaying. This is a risky time to make a personal move unless you’ve done deep due diligence. For now, lifestyle buyers should stay patient and wait for the signals to stabilize.","The window looks tighter than it is — don’t let price alone guide your decision.\n \n Smart Buyer Tips:\n ⏳ Wait for transaction activity to confirm the price move.\n 💬 Ask brokers for resale velocity — are units sitting or moving?\n 🚧 Be wary of heavy off-plan marketing — that’s often a sign of pressure, not confidence.\n 🧭 If emotional urgency is high, step back and reassess — clarity may return in a few months.\n 📌 Only proceed if a deal offers unique value or future-proof location, otherwise hold.",
P032,Flat,Up,Flat,Low,Down,"Long-term indicators point upward, but current demand remains thin. Prices have not reacted to the upward trend yet, and transaction volumes are still falling. This divergence often signals a future opportunity — but not a current one. The low off-plan share suggests that developers are not aggressively pushing inventory, which can be a positive in terms of supply control — but also reflects weak present confidence. Overall, this is a zone worth keeping on the watchlist for medium- to long-term plays, but entry now would be speculative and poorly supported by data.","This is an “early indicator” zone — the price slope is modestly favorable over time, but there is no short-term validation from transaction momentum or absorption strength. Investors should hold off for now but revisit later.\n \n Actionable Moves:\n 🕰️ Park on watchlist — don’t allocate capital yet.\n 📉 Monitor volume and resale turnover — they must pick up before positioning.\n 🔍 Look for catalysts (e.g. new infrastructure, policy changes) that may reawaken demand.\n 🔄 Only rotate capital here once your core positions are secured elsewhere.\n 📆 Reassess in 2–3 months — this may mature into an early-cycle recovery play.","You might hear about this area improving long-term — and that may be true — but at the moment, it’s too early to make a confident personal move. Prices haven’t moved much, and buyer activity is still weak. For someone looking to live there now or soon, it won’t offer the best deals or momentum. This is one of those cases where patience pays off — especially if you want a home that holds value over time.","If you're buying for lifestyle reasons, this isn't the moment to act.\n \n Smart Buyer Tips:\n 🕵️‍♂️ Watch trends — but don’t commit until real interest emerges.\n 📞 Ask agents if resale listings are moving — or sitting for months.\n 🧭 If you like the area for the future, explore it slowly — no urgency.\n 📊 Check for any large upcoming developments — they might spark growth.\n 🏠 Don’t compromise on unit quality just to enter early — the market isn’t pressuring you yet.",
P033,Flat,Up,Up,Medium,Down,"This zone shows an important divergence: both short- and long-term pricing trends are pointing upward, but the most recent transaction volume is softening. That suggests a market where the groundwork for growth has been laid — but where buyers have momentarily pulled back. This pattern often precedes renewed momentum if fundamentals remain supportive. Medium off-plan levels indicate some controlled new supply, neither oversupplied nor starved, making it a structurally balanced zone for eventual entry. Caution lies in the near-term weakness — volume needs to stabilize before a clear uptrend confirms.","You're catching this zone at a potential inflection point. Prices have risen year-on-year and quarter-on-quarter, but volumes are retreating — a sign that current momentum is cooling.\n \n Actionable Moves:\n 🔍 Track resale turnover and time-on-market — a quick rebound may mark hidden strength.\n 📊 Compare nearby zones with similar supply setups — are they absorbing better?\n 🧭 Rotate capital here only after early signs of rebound — not a blind buy.\n 🪙 For portfolio balancing, consider gradual exposure in 2–3 months if fundamentals remain sound.\n 📆 This may enter a stronger phase ahead — revisit regularly, especially if you see price holding despite weak volume.","This is one of those “build quietly” areas — developers have not flooded the market, and price appreciation suggests long-term confidence. But for lifestyle buyers, the fall in volume means there's limited urgency. Buyers may be hesitant, or waiting for better clarity — which can be an advantage if you’re selective. It also indicates fewer bidding wars or rushes, so you can negotiate firmly. The growth potential exists, but this isn’t a “hot now” story — more like a “smart early entry” for users with patience and a mid-term plan.","If you're exploring for personal use, this is a zone where thoughtful entry makes sense — but don’t rush.\n \n Smart Buyer Tips:\n 📞 Ask if units are moving fast — or if listings linger without offers.\n 📉 Use low urgency to negotiate — pricing hasn’t peaked, and volume dip means leverage.\n 🧭 Only move if it fits your lifestyle and 3–5 year plan — not short-term flipping.\n 🏡 Choose quality — you’re not pressured to compromise due to high demand.\n 📆 Revisit every 2 months — watch for signs of pickup before committing fully.",
P034,Flat,Up,Up,Low,Up,"This pattern reflects a textbook early-stage breakout zone: price growth is clearly visible year-on-year, volume is rising, and off-plan exposure is low — which indicates controlled supply without overbuilt pressure. Quarter-on-quarter price movement remains flat, signaling buyers are getting in before broader recognition. This setup often precedes a more public wave of interest, where early investors can secure pricing advantages. The balance of indicators shows that the demand base is strengthening while sellers haven’t fully priced it in — ideal for positioning.","You're looking at one of the rare aligned setups: rising volume, rising long-term price, and limited speculative buildup.\n \n Actionable Moves:\n 📈 Initiate early exposure — price is stable but trends show firm upward slope.\n 📊 Monitor transaction flow — if volume continues rising, this confirms structural shift.\n 🏗️ Explore potential tie-ins with new supply nodes (e.g. infrastructure or branded launches).\n 🪙 Consider locking in units now before wider momentum attracts mainstream capital.\n ⏱️ Reassess in 1–2 months — this zone may mature rapidly.","Prices are climbing steadily, but not too fast — and volume is healthy, not overheated. This creates a rare window for end-users: it’s gaining traction, but without crowding. For lifestyle buyers, this kind of zone allows time to choose carefully while still benefiting from appreciation. The low off-plan level means fewer construction risks and more options for immediate or near-term use. Everything points to a rising market that is still user-friendly — a sweet spot before bidding wars or shortage narratives begin.","If you're seeking a home or planning a move, this is the time to act.\n \n Smart Buyer Tips:\n 🧭 Use this entry window to explore multiple units — sellers aren’t under pressure yet.\n 📦 Focus on quality — market isn’t hot enough to force quick decisions.\n 📞 Ask agents how fast",
P035,Up,Down,Flat,Low,Flat,"This is a classic case of a surface-level rally: prices are moving upward quarter-on-quarter, but volume is flat and year-on-year metrics are weakening. The absence of supporting demand beneath the price action raises concerns — often a sign of temporary spikes driven by sentiment, not structure. Low off-plan activity further suggests a narrow market with limited buyer depth or developer confidence. Investors should treat this as a warning zone — price has run ahead of fundamentals, and the upside risk is now outweighed by the downside volatility.","Despite upward price motion, deeper indicators signal fragility.\n \n Actionable Moves:\n ⚠️ Take profits if already exposed — especially if short-term gains are substantial.\n 🔍 Monitor for pullbacks — weak volume typically precedes retracements.\n 💡 Reallocate capital to zones with both volume and price alignment.\n 🚫 Avoid fresh entries — this is a late-cycle signature.\n 🧭 Revisit in 1–2 quarters for signs of structural support returning.","This is a zone where emotional momentum may be lifting prices, but not much else is holding the floor. For end-users, the danger lies in paying peak prices without long-term backing. Supply is low and transactions are thinning — a recipe for buyer's regret if prices correct. If you're buying under time pressure (e.g., relocation), tread carefully and negotiate assertively. Otherwise, patience will serve you better here.","This isn’t the best moment for lifestyle purchases.\n \n Smart Buyer Tips:\n ⏳ Wait for cooling — price without volume is rarely sustainable.\n 📉 Ask about recent resale activity — are sellers reducing prices?\n 🚪 Don’t rush — inventory may stay available longer than it seems.\n 📋 If buying is urgent, use current conditions to negotiate firmly.\n 💬 Talk to agents about actual demand — don’t rely on headline pricing alone.",
P036,Up,Down,Down,Low,Up,"This is a volatility trap — prices appear to rise in the short term, but all other indicators show clear instability. Both year-on-year trends are negative, and off-plan activity remains minimal, suggesting that developers and buyers alike lack conviction. Volume is ticking up, but in isolation it does not confirm a sustainable move. This kind of misalignment is often seen in highly reactive zones or post-hype corrections — dangerous territory for investors looking for structured plays.","All warning lights are flashing here.\n \n Actionable Moves:\n 🚫 Avoid fresh entries — this is not a stable setup.\n 🔎 Investigate zone-level catalysts if you're already exposed — are fundamentals shifting or is this noise?\n ⚖️ Prioritize liquidity — hard to exit positions once demand drops again.\n 💼 Reallocate capital to more synchronized zones.\n 🕒 Monitor, but don't act until price and volume align with longer-term indicators.","This is not a reliable environment for end-users seeking a stable or predictable home value trajectory. The mix of declining annual trends and sudden short-term volatility is risky — prices could drop just as quickly as they rise. Unless there's a personal urgency, buyers are better off staying clear of zones like this until signals normalize.",This isn’t a zone you can count on for living security.\n \n Smart Buyer Tips:\n ❌ Don’t chase a short-term price bump — it won’t last.\n 📉 Avoid resale pressure zones — values may correct.\n 🏠 Stability matters — pick areas with aligned price and demand.\n 📊 Ask about historic demand swings — you may be entering during a peak.\n 🔍 Wait for stronger signs before engaging.,
P037,Up,Flat,Flat,High,Down,"This pattern reflects a classic developer-led bounce — off-plan launches or incentives may be lifting short-term numbers, but there’s no real follow-through in broader demand. Yearly demand is falling, and both price and volume movements are too muted to justify confidence. Zones like this often generate temporary buzz without sustainable fundamentals. Be especially cautious if the area's appeal is driven by marketing more than market signals.",This isn’t real momentum.\n \n Actionable Moves:\n ⚠️ Watch carefully — volume and resale must pick up before acting.\n 🧮 Check ratio of end-user sales vs developer-led stock.\n 🔄 Consider rotating exposure to zones with natural demand support.\n 🕵️ Monitor investor vs buyer composition — too developer-heavy is a red flag.\n ⏳ Wait for true buyer interest to validate the narrative.,"End-users may feel attracted by price offers or new project amenities, but in zones like this, the excitement may not reflect actual demand. With high off-plan and falling YoY demand, there's a good chance values will underperform or stagnate. Prioritize zones with better resale movement and lower developer noise.",Not the place to commit unless you have a very strong reason.\n \n Smart Buyer Tips:\n 📉 Ask agents how many listings are being flipped pre-handover.\n 🏗️ Don’t rely on developer payment plans — focus on location strength.\n 📞 Probe whether end-user demand is organic or subsidized.\n 🧭 Look for areas with stronger resale movement.\n 💤 Wait it out — better clarity will emerge in coming quarters.,
P038,Up,Flat,Flat,Low,Down,"This is a “potential forming” zone — pricing is stabilizing and volumes are no longer falling, but real traction hasn’t emerged yet. Momentum signals are early and unconfirmed, suggesting a test phase rather than a true trend. The area might be warming up, but without consistent demand patterns or resale churn, it's too soon to confidently position capital.","There’s no need to rush.\n \n 📉 Monitor listing volume, especially resale turnover and days-on-market.\n 📊 Wait for a clear uptick in end-user demand or a strong quarterly volume breakout.\n 🕵️ Track whether price stability is sustained across segments — not just developer-led.\n 🔄 Avoid locking capital here unless other positions are already secure.\n 📆 Reassess in 1–2 quarters to check if signals consolidate into trend.","Momentum is still forming, but the area is showing early signs of improvement. For lifestyle buyers, this could be a quiet phase before real attention picks up. There’s no urgency, but it may suit buyers who value entering before the crowd. However, since pricing and demand haven’t fully aligned yet, it’s wise to observe a little longer — especially if you’re prioritizing long-term comfort and personal use.",🕰️ Wait until more buyer signals emerge before committing.\n 📍 Visit during different times — assess if the environment feels stable.\n 📞 Ask agents if demand is investor-led or user-led — both matter.\n 📊 Track resale movement and price consistency — watch for any emerging patterns.\n 📅 Check again in 6 months to see if activity broadens.,
P039,Up,Flat,Up,Low,Down,"Price confidence is returning with mild upward movement, but volume is still subdued. This mismatch can often signal a recovery *attempt* rather than a full rebound. Without broad-based transaction depth, price increases may lack staying power. The low supply can add pressure, but unless absorption confirms it, this is not yet a confirmed trend. Investors should interpret this as an early signal — not a guaranteed breakout.","Tread carefully here — the zone shows early signs of recovery, but volume hasn't confirmed strength. Price stability with low supply is tempting, but without real demand, it may be short-lived. \n \n Actionable Moves:\n 📉 Hold full commitment — track resale velocity and list-to-close trends.\n 🔍 Verify price movement is not developer-led.\n 🗂️ Compare off-plan vs resale traction.\n 📊 If entering, do so gradually — not aggressively.\n 📅 Reassess quarterly to confirm sustained signal.","Area is showing price activity again, which might feel like a second chance — but don’t assume it’s back to growth mode. Entering now may work if you already believe in the location and don’t expect fast returns. Think of this more as a test phase — it could blossom or stall depending on volume. Proceed only if lifestyle alignment is clear and urgency is low.","📌 Consider this a *controlled watch zone* — early buyers may gain edge but should not rush.\n 🔎 Ask brokers about actual buyer traffic and deal closures.\n 📉 Don’t anchor on past highs — this is a new cycle.\n 🧭 Buy only if your personal fit is high and long-term view justifies it.\n ⏳ Otherwise, monitor and recheck in 2–3 months.",
P040,Up,Flat,Up,Medium,Down,"This is a slow-burn rally forming under the surface — prices are rising again, and while volume is flat, off-plan exposure is declining, suggesting a shift back toward organic, end-user activity. The recovery is not aggressive, but it’s grounded. Confidence is gradually returning, and developers are no longer flooding the market with new launches. This reflects a more sustainable tone — not a hype-fueled climb. However, with volume still modest, there’s potential fragility if end-user engagement doesn’t grow in tandem.","This is a constructive phase — not a breakout, but a rebuilding cycle. Smart capital tends to enter during these quieter moments. Signs of buyer confidence are visible in reduced off-plan reliance and upward pricing pressure. The lack of volume isn't a red flag — it's a signal that momentum is forming slowly. \n \n Actionable Moves:\n ✅ Entry acceptable for long-term buyers — timing is reasonable.\n 🔍 Focus on zones where resale listings are tightening.\n 🏡 Use this phase to secure preferred layouts before broader crowd returns.\n 📊 Monitor transaction acceleration — a rise in volume would confirm breakout.\n 🧭 Track developer behavior — less marketing noise = healthier cycle.","This is not the stage for FOMO-based decisions — but it is a quiet zone where real opportunities form. If you're looking for stability or future capital preservation, these market conditions are attractive. Caution is still warranted, but the macro setup favors early movers who’ve done their homework.","It’s easy to overlook these calm periods — but they often precede more visible rallies.\n \n Smart Buyer Tips:\n 🔎 Ask agents if owners are pulling listings — that’s an early signal of strength.\n 📉 Skip projects still pushing off-plan with incentives.\n 📆 Use the next 30–60 days to negotiate firmly — sellers are open.\n 🧭 If the math works on rent, location, and use case — don’t delay too long.",
P041,Up,Flat,Down,High,Flat,"Price levels remain elevated, but deeper indicators are softening — volume has flattened, and off-plan exposure is still high, hinting at seller-side pressure. This kind of setup often marks the tail-end of a price cycle, where developers are holding pricing high but buyer depth is thinning out. Without a fresh surge of demand, this price plateau risks becoming a peak. The absence of real volume growth suggests a disconnect between asking prices and actual end-user willingness.","This is a stalling phase in the cycle — the engine has cooled, but pricing inertia keeps things afloat. Developers may still be anchoring expectations high, yet the market underneath is quiet. If off-plan activity remains dominant without resale participation, risk rises.\n \n Actionable Moves:\n 🛑 Avoid new entries unless supported by unique property value.\n 📉 Track resale listing growth — rising inventory is an early warning.\n 🔁 If you’re in, this may be a good time to rebalance or de-risk.\n 📊 Look for signs of seller desperation (incentives, long days on market).\n 🧭 Don’t confuse price stability with market strength.","Just because prices haven’t dropped doesn’t mean the foundation is strong. If you’re buying for personal use, reassess urgency — this may be a time to wait, not chase. Make sure your decision isn’t based on fear of being priced out.","This is where calm markets fool many — they hold firm, then crack quickly when pressure mounts.\n \n Smart Buyer Tips:\n ⏳ Ask for the last 90-day resale velocity — is anything actually moving?\n 📍 Prioritize units with long-term location or school access value.\n 🚫 Skip high-inventory towers — those are late to correct.\n 🧠 Don’t enter just because it hasn’t dropped — ask why.",
P042,Up,Flat,Up,Low,Flat,"A quiet recovery is underway — prices are nudging upward, and while volume remains stable, the most important signal here is the low off-plan exposure. This indicates a healthier, more balanced market cycle driven by end-user and resale activity. It’s a zone of slow, quiet optimism. There are no hype-driven surges, but the calmness itself is a sign of health. Investors looking for steady entries and users seeking security will find this pattern aligned with long-term goals.","This is a favorable but modest environment — the kind that rewards patience and long horizons. It’s not sexy, but it’s real. Market churn is being driven by users, not flippers, and off-plan volume is under control. There’s no rush, but there’s also no need to delay if fundamentals line up.\n \n Actionable Moves:\n ✅ Consider phased entry — ideal for long-hold or own-use purchases.\n 📊 Validate by checking resale time-on-market — shorter durations are bullish.\n 🧱 Stick to mature projects or walkable micro-locations.\n 🔍 Ask agents about buyer profile — if users are active, that’s a good sign.\n 🧭 Quiet confidence beats noisy speculation.","This is an ideal zone for those who want risk-managed exposure — especially families or long-term residents. Don’t expect fast gains, but do expect more resilience. The absence of buzz is a hidden strength.","You’re not missing out by moving here — you're staying ahead quietly.\n \n Smart Buyer Tips:\n 🧮 Look for steady 3–5% yield in stable zones — it’s still available.\n 📉 Check if resale and off-plan prices are converging — that’s healthy.\n 🗺️ Look for infrastructure or school plans nearby — these boost long-term demand.\n 📦 If all signals align, this is a rare low-risk green light.",
P043,Up,Flat,Down,High,Up,"This is a classic case of delayed crowd entry — prices have already climbed, and now buyers are rushing in, driven by recent performance rather than forward-looking signals. Volume is rising, but off-plan exposure is also high, suggesting that developers are capitalizing on momentum rather than sustained user demand. These patterns often lead to buyer regret when the rally fades or stalls. Caution is advised.","This is a late-cycle momentum trap — buyers entering now are likely reacting to past growth, not anticipating future strength. Off-plan sellers are flooding the market, and while volume is up, it's being driven by herd behavior. This is not smart money — it’s reactive money.\n \n Actionable Moves:\n ⚠️ Avoid chasing — you're likely paying a premium built on past trends.\n 📉 Watch for listing stagnation — if units aren’t moving, the run may be over.\n 🔁 If you’re already in, evaluate whether gains justify an exit.\n 🔍 Compare off-plan vs resale gaps — big spreads mean inflated launches.\n 🧭 Don’t confuse crowd size with market depth.",This is when emotion and buzz dominate the logic. Don’t let marketing speed or urgency force you into weak entry timing. Wait for post-rush clarity.,"If it feels too hot, it probably is — and late entries often burn.\n \n Smart Buyer Tips:\n 🕵️‍♂️ Ask when price hikes began — and whether they were resale-led or launch-driven.\n 📦 Don’t buy if you can't clearly see who’s going to rent or resell after you.\n 💰 Check if price per sqm is already matching mature zones — if yes, pull back.\n 🧠 Only act if you’ve run the numbers and ignored the hype.",
P044,Up,Up,Down,Low,Down,"Prices are climbing, and off-plan launches are still accelerating — but volume is falling, which signals a looming mismatch. This kind of divergence is often seen near the top of speculative waves. The rally appears to be running out of real buyers, even as developers push harder. The low transaction volume and declining buyer depth make this a dangerous entry zone for both investors and end-users. The foundation beneath current prices is thinning, and the risk of reversal is rising.","Despite the upward trend, this market phase carries a red flag. You’re not catching the start of growth — you're likely walking into a fading rally masked by developer activity. Volume doesn’t lie — if demand is drying up while prices and launches are rising, you're looking at a setup built on momentum, not value.\n \n Actionable Moves:\n 🛑 Avoid entry unless there's extraordinary value.\n 📉 Track weekly transaction counts — consistent drops = exit signal.\n 🔎 If already exposed, reduce leverage or rebalance toward healthier zones.\n 📦 Don’t fall for “new launch urgency” — ask where real resale demand is.\n 🧭 Let volume validate — not marketing.","This is a zone of manufactured energy. It may feel active, but the true buyer pool is thinning. You’re likely to find more downside than upside from here. For end-users, this is not the right time to act unless you find a rare deal that fits your lifestyle perfectly and offers real value.","If things look too strong with no clear user base, they probably are.\n \n Smart Buyer Tips:\n 🔍 Ask agents about resale time-on-market — are units lingering?\n 📉 Watch for incentives or unsold off-plan phases — signs of pressure.\n 🕵️‍♂️ Only consider buying if it’s for long-term holding and real use, not resale.\n 📌 Hold — but stay alert. The cracks often form quietly before headlines catch up.",
P045,Up,Up,Down,Medium,Down,"Prices and launches are both rising, but demand is not keeping pace. Developers are pushing inventory into the market without the depth of end-user absorption to support it. The result is a structurally weak rally that looks healthy on the surface but lacks staying power. Resale volume is thinning, and the moderate off-plan share suggests this isn’t a full speculative bubble, but rather a fatigued phase. Without stronger buyer conviction, especially in lifestyle segments, the area risks stagnation or backslide.","Liquidity is the key concern here — not price. This is a growth zone with fading support. You might see glossy launches and steady media buzz, but without consistent resale traction, investor confidence drops fast. The more price gets ahead of demand, the riskier the entry.\n \n Actionable Moves:\n ⏳ Wait — don’t confuse motion with market strength.\n 🔍 Probe broker listings — how many units are sitting unsold?\n 🔄 Rebalance if overexposed — especially if portfolio is over-indexed in similar zones.\n 🚫 Avoid off-plan hype unless there’s clear demand support.\n 📉 Monitor for sudden pricing drops — could indicate deeper stress.","This is a market where you’ll struggle to exit quickly or cleanly if you need to. Lifestyle buyers especially should think twice — unless you plan to hold for a very long time, don’t take liquidity for granted. The price curve looks attractive, but you may be locking into an asset with limited resale appeal.","The exit door narrows before most people notice — tread carefully.\n \n Smart Buyer Tips:\n 👥 Ask about current owner profiles — are people living or flipping?\n 🧾 Study transaction drop-offs in recent months.\n 💡 Don’t chase “up-and-coming” headlines — check for real end-user demand.\n 📌 Caution: Only buy if price, quality, and hold horizon align — otherwise wait.",
P046,Up,Up,Down,High,Down,"This is a classic overheating signal. Prices and launches are rising sharply, but actual transaction activity is falling — a red flag for speculative buildup. The high off-plan share shows that developers are crowding in aggressively, but without matching end-user absorption, the surge risks collapsing under its own weight. This is often seen before a correction, especially in zones marketed heavily to investors rather than residents. Real demand appears overstretched, and resale momentum is fading fast.","Despite surface growth, the market is losing real traction. What looks like strength is mostly developer-led expansion, not organic buyer pull. Without strong resale support or a clear lifestyle value proposition, this rally is dangerously unbalanced.\n \n Actionable Moves:\n ❌ Avoid fresh off-plan entries — the pricing premium is not justified.\n 📉 Track resale discounts versus launch prices — signs of softening may already be showing.\n 🔍 Review monthly absorption rates and cancellation data.\n 📊 If already exposed, tighten exit plans or reduce holding exposure.\n 📌 Look for better-aligned zones where supply is supported by live demand.","For lifestyle buyers, this zone may feel promising — but it's a risky bet. Delays, oversupply, and future price drops could trap you in a low-liquidity situation. Wait for signals to reset before making a long-term commitment. Emotional urgency or media noise should not override caution.","Not all growth is equal — distinguish developer push from real pull.\n \n Smart Buyer Tips:\n 📆 Wait for absorption to stabilize — don’t buy during developer euphoria.\n 💬 Ask brokers how much resale is happening — not just new launches.\n 🚫 Be skeptical of “limited-time” offers in fast-launch zones.\n 🧭 If everything feels too fast, it usually is — slow down.\n 📌 Only consider if fundamentals and timing match your needs — otherwise hold.",
P047,Up,Up,Up,Low,Down,"This is a smart money pattern. All indicators point to momentum — prices are climbing, launch activity is accelerating, and resale transactions are picking up. Yet the zone remains undervalued relative to its peers, with a low price base and moderate off-plan pressure. This usually marks the early-to-mid stage of a sustainable rally, where strategic buyers act before the mainstream surge. Developers haven’t yet overextended, and organic demand is leading price discovery. The fundamentals look healthy, and the upside is not fully priced in.","This is one of the strongest alignment zones — a convergence of rising prices, growing resale activity, and limited off-plan oversupply. While prices are no longer at the bottom, the value curve still has room to run.\n \n Actionable Moves:\n ✅ Consider staggered entry — a multi-month buy window may still exist.\n 📈 Track monthly resale momentum — rising absorption supports entry.\n 🔍 Focus on end-user-rich clusters where livability matches pricing.\n 📊 Compare price per sqm with adjacent zones — undervaluation can still be spotted.\n 📌 Lock in before sentiment turns euphoric — early conviction pays off.","Lifestyle buyers should feel confident in this phase. Prices are up but not inflated, and availability is still healthy. If your long-term needs align with this zone — community, schools, commute — this is a good moment to act. The opportunity window is not indefinite, but there’s time for proper due diligence.","You’re ahead of the herd — use that edge.\n \n Smart Buyer Tips:\n 📦 Check stock — availability may shrink soon.\n 📊 Ask brokers about resale vs off-plan mix — healthy balance = strength.\n 📆 If moving in within 12 months, secure units while incentives last.\n 🛠️ Ask about upcoming infrastructure or school completions that boost livability.\n ✅ If the fit is right, this is a strategic buy window — move with clarity.",
P048,Up,Up,Up,Medium,Down,"This zone is entering a strategic accumulation phase. Prices are rising, launch activity is active, and resale interest is growing — yet investor momentum is currently driving the trend more than end-user absorption. This often signals a strong positioning window before a mainstream rally. The off-plan share is moderate, meaning developers aren’t overextending, but end-user activity is lagging slightly. Smart capital tends to enter at this stage — before emotional buying drives prices into overheated territory.","It’s a momentum zone with early investor conviction. While not at ground floor levels, there’s still value to unlock — especially for those with 2–3 year horizons.\n \n Actionable Moves:\n ✅ Enter selectively — prioritize assets with strong rental fundamentals.\n 🛠️ Look for developer discounts or rent-backed offers to hedge downside.\n 🔍 Monitor resale listings weekly — rising turnover = improving end-user confidence.\n 📊 Run ROI analysis across clusters — some areas may offer better yield than headline trends suggest.\n 🕰️ Lock positions before price gaps fully close with peer zones.","For residents, this zone is promising but not yet fully proven. Price growth is real, but livability metrics — schools, community, retail — may still be catching up. If your move is driven by lifestyle fit and long-term affordability, this could work well. Just make sure you’re not overpaying relative to zones with stronger built-up ecosystems.","This is a “watch with intent” zone.\n \n Smart Buyer Tips:\n 💰 Recheck pricing per sqm — some units may have jumped ahead of real value.\n 📦 Ask brokers if quality listings are getting picked up or sitting idle.\n 🔁 Consider renting for 6–12 months to test lifestyle and value before committing.\n 🧭 Balance long-term needs with short-term deal quality.\n ⏳ Ideal for buyers with patience, clarity, and budget discipline.",
P049,Up,Up,Down,High,Flat,"Price is climbing on the back of strong launches, but end-user demand has stalled. The high off-plan share suggests most of the current activity is speculative — driven by short-term investor cycles, not long-term user absorption. This creates a fragile setup: if resale liquidity doesn’t follow, current buyers may face difficulty exiting later. Flat transaction volume confirms that deeper market support isn’t materializing yet. These conditions often precede pullbacks or long periods of sideways pricing.","Don’t get drawn in by the surface-level momentum — this is a price-led rally without foundational depth.\n \n Actionable Moves:\n ⚠️ Avoid new off-plan commitments unless deeply discounted or exceptional.\n 📉 Reassess any open positions — especially if ROI projections require resale exit in <3 years.\n 🔍 Track resale velocity — if listings aren’t moving, that’s a danger sign.\n 🔁 Rotate exposure to areas with aligned price-volume trends.\n 📊 Remember: volume confirms conviction, not price alone.","This may appear to be a hot zone, but for lifestyle buyers, it’s filled with hidden risks. If your goal is to buy and hold long term, beware of inflated entry points and low resale interest. The ecosystem may not be ready for end-user living, and liquidity could dry up quickly. Better options may exist in zones with balanced resale + off-plan mix.","Looks appealing on brochures, but that’s not the full picture.\n \n Smart Buyer Tips:\n 💬 Ask brokers how many resale deals are closing monthly — not just new launch stats.\n 🚧 Be cautious of areas dominated by investor flips.\n ⛔ Don’t rely on developer hype — visit the area yourself to assess real vibrancy.\n ⏳ Wait until transaction trends catch up with pricing.\n 📌 End-users should avoid unless it’s a truly standout unit at a safe entry point.",
P050,Up,Up,Up,Low,Flat,"This is one of the most encouraging patterns — rising prices backed by rising transaction volume and sustained end-user interest. Despite off-plan share staying low, demand continues to support absorption, suggesting organic growth and genuine market depth. This combination of price strength and buyer liquidity often points to a resilient micro-market — capable of withstanding broader market fluctuations. The flat off-plan activity further stabilizes risk by limiting speculative overhang.","Confidence is high here — growth appears driven by real demand, not hype or artificial scarcity.\n \n Actionable Moves:\n ✅ Enter with conviction — both short-term momentum and long-term support are aligned.\n 📊 Monitor resale activity to confirm continuous health, but signs remain strong.\n 💼 For investors: this is a safe base zone with potential for medium-term capital appreciation and stable yield.\n 🏡 For end-users: few risks of sharp reversals — community is showing healthy absorption.\n 🧭 Stay aware of upcoming launches, but no urgency to rush exit — fundamentals are strong.","Buyers looking for stable growth or end-use security should feel confident here. This is a solid zone to anchor in — whether as a long-term residence or a foundational investment property. The underlying demand is broad and steady, giving confidence that any future dips will likely be short-lived or mild.","You're entering on a strong footing — just confirm unit-level value.\n \n Smart Buyer Tips:\n 📍 Stick to well-located units with clear price comps — market is steady, but avoid overpaying.\n 🔍 Ask for data on resale timelines — low off-plan means resale plays a bigger role.\n 🛠 Consider light upgrades — these can boost ROI in a stable resale environment.\n 🤝 Good time to negotiate for value — developers may still offer sweeteners even in strong zones.\n ✅ Green light for most buyer profiles, assuming you’ve verified the micro-location.",
P051,Up,Up,Up,Medium,Flat,"Pricing is rising in tandem with consistent volume and end-user activity — a signal of organic, sustainable growth. The area is not overheating, but instead shows steady, balanced movement, which typically reflects genuine buyer interest across both investment and lifestyle segments. The medium off-plan share indicates a healthy pipeline without speculative overload. This kind of setup suggests strong long-term positioning, especially for those seeking capital stability and minimal downside exposure.","This is a steady growth zone — not flashy, but resilient. Market activity points to firm fundamentals supported by real demand.\n \n Actionable Moves:\n ✅ Consider entry for both end-use and investment — the risk-reward profile is well-aligned.\n 📊 Monitor for local shifts in developer activity — flat off-plan movement suggests mature cycle behavior.\n 🔄 Rebalance portfolios if overweight in high-volatility zones — this area offers strategic grounding.\n 🏘 Lifestyle buyers: this is a strong candidate for long-term comfort and value stability.\n 🔍 Watch for pricing gaps between new and resale — opportunities may exist in mature sub-areas.","This is a zone that suits families, long-term renters, or buyers prioritizing life setup over pure capital gain. The area’s growth pace allows time for due diligence without fear of missing out. With demand holding steady and no pressure spikes, it offers a “move when ready” signal for most profiles.","You're not rushing into a wave — you're stepping into a reliable trend.\n \n Smart Buyer Tips:\n 📅 Use this steady environment to negotiate — it’s a buyer’s market in tone, even with growth.\n 🧾 Ask for historical resale data — maturity of the zone will reveal pricing power.\n 🏠 Focus on units with strong layout and location — these will hold better value in soft patches.\n 🤝 For investors: rental prospects are stable; for end-users: community development is key.\n ✅ Overall, this is a confident entry point with low noise and high clarity.",
P052,Up,Up,Up,High,Up,"This is a high-energy breakout zone, where all metrics — price, volume, and off-plan activity — are rising in sync. The high off-plan share suggests strong developer confidence and signals a wave of capital flowing into future supply. Unlike zones driven purely by speculation, this area shows signs of real momentum on both investor and end-user sides. Such synchronized uptrends often precede pricing accelerations, especially when current inventory begins to shrink. The setup reflects early-stage boom dynamics — entry now captures both visibility and velocity.","This is a momentum-driven market where investor entry should be fast and calculated. Price and volume signals are aligned, and off-plan traction offers additional upside through phased releases.\n \n Actionable Moves:\n 🧭 Move early to secure best value — the slope is still rising.\n 🏗️ Consider under-construction projects with short-to-mid delivery.\n 🔄 Rotate funds out of plateaued zones — this area shows sharper appreciation ahead.\n 📊 Track launch calendars — high off-plan means pricing may rebase soon.\n 📦 Plan exits around 18–30 months — enough time for gains to mature, before saturation risk.","End-users are moving in as visibility increases, but they still have options — for now. This is the moment to act before prices re-anchor and buyer competition stiffens. Rising off-plan share means more future supply, but the near-term edge still lies in early access. Lifestyle buyers will benefit from both momentum and selection, if timing is right.","You’re ahead of the curve — but only just.\n \n Smart Buyer Tips:\n ⏳ Lock in early-stage pricing — the best units go first in fast-moving zones.\n 🏡 Prefer emerging clusters — same momentum, better entry points.\n 🧱 Validate developer quality — high off-plan areas need execution confidence.\n 📍 Prioritize layout + micro-location — this zone will become more competitive.\n ✅ A strong fit for end-users who can act now without over-deliberating.",
P053,Up,Up,Up,Medium,Up,"This is a textbook “sweet spot” pattern — a zone with steady, broad-based growth across prices and volumes, paired with moderate off-plan activity. Demand appears sustainable rather than reactive, driven by both lifestyle buyers and calculated investors. The medium off-plan share indicates a balanced delivery pipeline, supporting stability without flooding the market. These kinds of environments are often early indicators of zones shifting from quiet growth into more visible maturity. Smart capital tends to enter now, before public momentum catches up.","This is a balanced-growth market with momentum and room to run. The fundamentals are in sync, and the moderate off-plan share supports long-term confidence without excessive speculative pressure.\n \n Actionable Moves:\n ✅ Treat this zone as a dual-use opportunity — investment and lifestyle entry both apply.\n 📊 Look for undervalued pockets — pricing disparities may still exist within sub-clusters.\n 🔄 Reallocate capital from riskier bets into this more grounded zone.\n 🛠 Consider upgradeable assets — yields and resale are likely to benefit from refinements.\n 📦 Plan for a 24–36 month hold — appreciation will build gradually with rising confidence.","End-users will find this zone approachable — prices aren’t overheated, and options are still diverse. The fact that volumes are growing steadily suggests increasing appeal and social proof. There’s still space to choose carefully, but not for long. The buyer mix is healthy, and readiness to transact is increasing.","Now is the right time to secure value before attention peaks.\n \n Smart Buyer Tips:\n 📍 Target clusters with visible resale and handover activity — shows market health.\n 🛋️ Choose units with solid layout and finish — the market will reward quality.\n 📑 Check developer terms — medium off-plan areas often allow negotiation.\n 🔍 Consider future livability factors — schools, access, resale dynamics.\n ✅ A safe, smart zone for both new buyers and long-term planners.",
P054,Down,Flat,Flat,Medium,Down,"This is a cautionary setup where momentum has clearly faded. Prices are softening, and both quarterly and annual volumes are flat — a sign of market indecision or fatigue. The medium off-plan share suggests ongoing developer activity, but without strong buyer follow-through. This combination typically reflects a zone between cycles — neither rebounding nor collapsing, just cooling. Investors should avoid aggressive positions here; the upside is unclear and entry timing is critical. For now, patience offers better returns than haste.","This is a classic ""wait-and-watch"" phase — the zone may be resetting after a previous run. Price signals are weak, and volume offers little confirmation. Medium off-plan levels can cloud true demand visibility, especially when absorption slows.\n \n Actionable Moves:\n ⏸️ Hold positions — this is not a time to expand exposure.\n 📉 Avoid new investment entries unless prices rebase.\n 🔍 Monitor inventory trends — extended stagnation may lead to discounts.\n 🔄 Consider shifting capital to zones with firmer velocity.\n 🧭 Wait for a new price or volume signal before re-engaging.","End-users may find deals here, but urgency is low. The flat volume and pricing mean competition is minimal — which helps buyers, but also reflects muted demand. If you're not in a rush, it’s wise to observe longer. There’s no major upside or FOMO pressure at play.",You're in no rush — and that’s okay.\n \n Smart Buyer Tips:\n ⏳ Hold unless you find exceptional unit value.\n 🔍 Review resale data — price drift may give you negotiation power.\n 📉 Ask about incentives — developers in flat zones often offer better terms.\n 🛠 Use this phase to plan thoroughly — without pressure.\n ✅ Hold if already in; wait if considering entry.,
P055,Down,Up,Down,High,Down,"This is a fragile and fragmented pattern — price is rising on a yearly basis, but volume is falling across both timeframes, and quarterly prices are down. This signals that pricing strength may be lagging or artificial, likely propped up by low liquidity or off-plan pricing skew. With high off-plan share and declining volume, the zone lacks buyer depth and carries notable risk. For investors, this is a red flag: short-term flipping or even medium-term resale may face difficulty. It reflects a market where few are transacting, and those who did buy earlier may struggle to exit profitably.","Caution is warranted here. The price trend may appear promising to the untrained eye, but it's not supported by volume — meaning it lacks conviction. High off-plan levels often distort average price signals, while actual absorption on the ground may be weak.\n \n Actionable Moves:\n ⚠️ Avoid short-term entries — resale outlook is fragile.\n 📊 Scrutinize any price gains — they may not reflect true demand.\n 🏗️ Be cautious of developer-heavy zones with high incentives — these may not convert to real value.\n 🔍 If already exposed, monitor resale timelines and developer activity.\n ⏳ Wait for a more balanced price-volume signal before entering.","For homebuyers, this pattern suggests potential traps — pricing may look attractive, but actual resale demand could be thin. Off-plan offers may dominate listings, but ready supply is weak or overpriced. This kind of setup makes it difficult to benchmark value or negotiate firmly. It’s a ""buyer beware"" zone until trends stabilize.",This is not a strong moment to enter.\n \n Smart Buyer Tips:\n ⚠️ Don’t mistake price tags for strength — ask about resale timelines and buyer interest.\n 🏠 Avoid zones where you’ll be the only buyer walking in.\n 📉 Hold off if you see frequent price drops in similar units — it may indicate developer pressure.\n 🔄 Explore stronger adjacent areas with clearer value trends.\n ⏳ Wait — unless you find a truly undervalued unit and plan to hold long-term.,
P056,Flat,Flat,Down,High,Down,"This is a textbook stagnation zone — both quarterly and yearly prices are flat, and volumes are falling. Off-plan share is high, suggesting that current activity is driven more by supply-side launches than genuine end-user or investor pull. These conditions often reflect an oversupplied or unfocused zone, where neither capital inflows nor lifestyle demand are anchoring momentum. The market appears stuck, with no short-term indicators of reversal. For investors or end-users, this zone offers low visibility, poor resale prospects, and unclear pricing benchmarks — a high-risk holding area with no compelling upside.","This is not just a quiet patch — it's a structural stall. There is no price leadership and no volume conviction, which typically reflects poor alignment between buyer expectations and developer offerings.\n \n Actionable Moves:\n ❌ Avoid new entries — zone has no supporting trend.\n 🔍 If already exposed, re-assess holding thesis — what would trigger an exit?\n 🏗️ Be cautious with off-plan — incentives may mask deeper demand issues.\n 📊 Monitor if prices remain flat despite heavy promotions — a sign of weak buyer depth.\n 🧭 Rotate focus to zones showing at least one strength vector (price, volume, or absorption).","This is not the kind of zone to anchor a home or investment plan right now. Off-plan dominates, but no price gains are visible — and falling volume means that even resale exits may be difficult. It's unclear who the real buyer is in this environment. Most personal buyers will find better balance elsewhere.","This is a zone without visibility or upside.\n \n Smart Buyer Tips:\n 🚫 Avoid off-plan here — oversupply and flat pricing equals risk.\n 📉 Falling volume means resale may take longer and at lower-than-expected prices.\n 🧾 If exploring nearby, prioritize zones with steady resale data and end-user signals.\n ❓Ask: would you want to exit here in 2 years? If the answer is uncertain, wait.\n 🔁 Focus on zones with demand clarity — not just affordability optics.",
P057,Flat,Flat,Down,Medium,Down,"This zone is drifting — prices show no momentum, and transaction volume is shrinking. Off-plan activity is moderate, suggesting that while developers are still active, end-user response is soft. This lack of directional clarity points to a market segment that neither excites capital nor draws lifestyle demand. It’s not actively failing, but also not signaling any readiness for recovery. These zones typically lag broader market recoveries and require an external catalyst — such as infrastructure upgrades, school openings, or major community branding — to regain traction. Capital is better deployed in areas with at least one active signal.","This is an unmotivated market with no leadership indicators. When both price and volume are flat or falling — and off-plan sits at mid-levels — you're looking at a wait-and-see zone.\n \n Actionable Moves:\n 🕒 Hold — entry now offers low conviction and minimal edge.\n 📊 Watch for any policy or masterplan changes that may alter outlook.\n 📦 If holding, resist panic — but assess long-term justification for continued exposure.\n 🏗️ Developers may push stock here due to low land cost — but that doesn’t mean value.\n 🧭 Only re-enter if absorption improves or buyer signals shift upward.","This area lacks the signals buyers typically look for — no price gains, no rising demand, and no standout community advantages. There’s nothing necessarily wrong here, but nothing motivating either. Most end-users and investors will find clearer momentum or lifestyle value in nearby alternatives.","There’s no urgency, and no strong reason to move now.\n \n Smart Buyer Tips:\n 📍 Wait for external triggers — metro extension, school opening, or retail activation could unlock value.\n 📉 Volume dips are a red flag — fewer people are buying, and resale risk grows.\n 📐 Don’t be tempted by affordability alone — real value comes from livability or upside.\n ✅ Reassess zone later in 6–12 months based on masterplan signals or pricing shifts.",
P058,Flat,Flat,Flat,Low,Flat,"Price is flat across all timeframes, and volumes show no movement — a complete standstill. With low off-plan levels, there's no speculative pressure or early-stage belief, suggesting the zone has lost momentum across all segments. This is a classic dead zone, where neither capital nor end-user demand is engaged. Investors will find no growth narrative here — and without an external catalyst, this status is unlikely to change in the short term.","There is no active capital story in this zone — neither price movement nor transaction volume offers entry cues. It’s not even in decline — just frozen. In such zones, time value of money becomes the biggest risk. \n \n Actionable Moves:\n ⛔ Avoid exposure until macro or policy shifts appear.\n 🔍 Monitor for unusual spikes — these could be noise, not trend.\n 🔄 Redirect capital toward zones showing volume pickup or off-plan traction.\n 🛑 Don’t assume flatness is stability — it can mask decay in fundamentals.\n 📦 Exit if already holding — reallocate to active markets.","The zone is showing no activity or lifestyle pull — prices are going nowhere, and volumes confirm that interest is nearly zero. Without vibrancy or demand momentum, families and end-users may find themselves stuck with limited resale or upgrade options. This is a lifestyle dead-end until clear signals emerge.","The window is closed for now — this zone lacks energy, interest, and potential.\n \n Smart Buyer Tips:\n 🚫 Don’t engage based on price alone — lack of volume means no exit path.\n 🏘️ Avoid under the assumption of future revival — wait for proof.\n 💡 Choose areas with active retail, schools, or transport links instead.\n 📉 Look for lifestyle signals — this one has none.\n ⛔ Avoid unless forced by non-financial circumstances.",
P059,Down,Down,Flat,Medium,Flat,"Prices continue to decline on both quarterly and yearly scales, and volumes remain stagnant. The medium off-plan share implies moderate future supply — but without current market momentum, this adds more risk than opportunity. The flat volume indicates buyer hesitation, and without support from either end-users or speculative flows, the downward slide may persist. Investors face erosion risk without meaningful upside cues.","This is not the bottom — it's a slow burn. Momentum hasn’t reset, and current conditions don’t justify entry. Capital here may remain stuck through multiple cycles, and without signs of sustained demand, even recovery bets are premature.\n \n Actionable Moves:\n ⛔ Defer entry — momentum is not your ally.\n 🔁 Monitor nearby zones for spillover that might eventually lift this one.\n 🔍 Only engage after 2–3 quarters of confirmed price + volume recovery.\n 📉 Medium off-plan risk adds further drag — avoid unless repositioning is underway.\n 📦 Consider exiting any current holdings with weak fundamentals.","End-users face unclear prospects — prices are falling, but with no volume movement, buyers risk entering into zones with poor resale or lifestyle momentum. The area may appear affordable, but without energy or demand, quality of life and long-term satisfaction may suffer.","Buying here requires caution — the zone is not yet ready for confident moves.\n \n Smart Buyer Tips:\n 🧭 Wait for traction — flat volume suggests no competition, but also no interest.\n 💬 If considering, negotiate heavily and demand flexibility.\n 🔍 Focus on tangible upgrades or future infrastructure to justify entry.\n 📊 Avoid purely price-driven logic — context and future livability matter.\n ⏳ Wait for stronger signals before committing long-term.",
P060,Down,Flat,Down,Medium,Down,"Price momentum is negative both quarterly and annually, while transaction volumes are also falling — suggesting a market facing systemic demand fatigue. The flat YoY price offers no long-term stability, and the medium off-plan share introduces moderate future supply risk. Sellers may begin accepting discounts, but that doesn’t signal opportunity — only pressure. For investors, this is a fading zone with no support from either fundamentals or speculative flows.","Not the right time to enter. Prices are sliding, but volume remains too low to suggest real turnover. The off-plan share implies more inventory may arrive in future — creating overhang. This is a value trap unless policy or infrastructure changes shift sentiment.\n \n Actionable Moves:\n 🕒 Hold cash or shift to nearby active zones.\n ⛔ Avoid entry until multiple quarters confirm price and volume reversal.\n 📊 Monitor transaction patterns — discounting alone is not a buy signal.\n 📉 Off-plan exposure may worsen absorption issues — proceed with caution.\n 📦 If holding, wait for a macro uplift before considering exit.","End-users may be tempted by price softening, but low volume suggests little buyer activity — meaning limited resale liquidity and uncertain neighborhood dynamics. This is not yet a livable or liquid zone. The lack of upside and lifestyle value weakens the case for entry.","The appeal is low — price alone should not drive your decision.\n \n Smart Buyer Tips:\n 🧭 Hold unless lifestyle priorities require entry.\n 📉 Weak resale potential — even if prices are low.\n 🏗️ Only consider if major infrastructure or upgrades are planned.\n 💬 Negotiate hard — buyers have leverage, but use it wisely.\n ⏳ Wait for price-volume alignment before committing.",
P061,Flat,Down,Down,Medium,Down,"Price action is flat on the quarter but declining year-on-year, while both YoY and QoQ transaction volumes are also dropping. This pattern indicates a zone losing momentum and market attention. Liquidity is thinning, and the medium off-plan level suggests some speculative risk remains. Investors should treat this as a vulnerable phase — without volume recovery, even flat prices may not hold. The broader risk is structural fatigue with no current buyer conviction.","This is a softening market where capital should be preserved. While the absence of steep quarterly decline may seem like stability, the annual trend and falling demand signal deeper fragility.\n \n Actionable Moves:\n ⚠️ Hold — do not enter until price or volume reverses decisively.\n 🔄 Reallocate capital to stronger-performing zones.\n 📉 Off-plan risks remain — watch upcoming supply.\n 🔍 Look for signs of life: multiple buyer types re-entering, infrastructure rollouts, or price rebounds.\n ⏳ Wait out the softness — bottom may not be in yet.","End-user sentiment is fading, and demand is weak. Even with stable short-term prices, this is not a healthy zone to buy into. Resale liquidity is low and community appeal may be lacking — buyers here risk being locked into a stagnant or declining market.",Falling behind and not delivering value.\n \n Smart Buyer Tips:\n ⏳ Wait for signs of reactivation before considering.\n 📍 Check if upcoming amenities or transport links could shift sentiment.\n 🏗️ New supply may reduce prices further — don’t rush.\n 💬 Sellers may offer deals ,
P062,Flat,Flat,Flat,High,Flat,"Price and volume movement are completely flat across all key indicators, and the off-plan share is high — a sign that organic demand may be muted and the market could be propped up artificially, possibly through developer-led controls. This pattern indicates a holding phase where the lack of downside may appear safe but masks a deeper absence of real traction. Investors should be cautious: this is neither growth nor correction — it’s a freeze.","Capital is best deployed elsewhere unless a clear trigger emerges. The flatness across every metric, coupled with high off-plan exposure, suggests the market is in a suspended state.\n \n Actionable Moves:\n ⏳ Hold — there is no urgent downside, but also no visible upside.\n 🔍 Monitor closely for external shocks or policy shifts that could unlock movement.\n 🧯 Avoid tying up capital unless part of a longer-term speculative strategy.\n 📊 Use this time to assess developer stock levels and future supply risks.\n 🗺️ Consider shifting to zones with proven end-user pull.","End-user activity is frozen, and the community lacks clear momentum. The market doesn’t show urgency in either direction, which makes timing highly unclear for buyers. The high off-plan ratio may reflect investor stock sitting idle rather than genuine homeowner demand. Feels disconnected from lifestyle-driven appeal.","The zone feels frozen — not falling, but not growing either.\n \n Smart Buyer Tips:\n 👀 Watch for real lifestyle signals — occupancy, new retail, schools.\n 🔎 Avoid zones with only investor-led interest — focus on organic pull.\n 🛋️ Do not rush — nothing is escaping you here.\n 📦 Look for packaged offers if considering a move (upgrades, payment plans).\n 🛑 Patience is your best tool here — wait for real change in tone.",
P063,Down,Flat,Flat,Low,Flat,"Despite a slight dip in prices, there’s no accompanying rise in volume — quarterly or annual. The off-plan share is low, which normally would imply end-user activity, but in this case, neither investor nor user traction is visible. This creates a “low energy” market phase — neither warm nor distressed, just stagnant. There's no signal of absorption, speculative churn, or real demand. Investors should avoid zones like this unless a visible macro or policy catalyst is on the horizon.","Flat volume, flat trend, and low off-plan participation usually mean there’s no story to bet on — no hype, no value play, and no price strength.\n \n Actionable Moves:\n 🛑 Avoid — this zone lacks signals worth acting on.\n 🧭 Reallocate to stronger trend areas with active volume.\n 🚧 Watch only if upcoming projects or infrastructure are planned nearby.\n 💤 Don’t waste capital holding for hope.\n 🔍 Maintain awareness — if a catalyst emerges, reassess immediately.","End-user movement is almost absent. There’s no growth in livability, price incentives, or area momentum. In short, the place feels stuck. Without new developments, upgrades, or community initiatives, there’s little appeal. Zones like this can stay frozen for years.","Lifestyle energy is missing — you don’t want to commit in a place with no heartbeat.\n \n Smart Buyer Tips:\n ❌ Avoid unless you have very specific, long-term personal reasons.\n 🧱 Prioritize communities where people are actively upgrading homes and services.\n 🚶‍♂️ Look for human energy: retail, parks, school demand — it’s not here.\n 🕰️ Time is better spent watching, not buying.\n 🔄 Wait for visible transformation or proven market signals.",
